center_x,center_y,height,radius
335546.41115485126,4982878.574226151,126.948,4994163.621620839
335546.5555265935,4982878.875649786,127.157,4994163.932063367
335546.6375559825,4982878.998283307,127.32199999999999,4994164.059931151
335546.51023220876,4982878.677502361,127.42699999999999,4994163.73132046
335546.48914903926,4982878.51253792,127.541,4994163.565312252
335546.4629162206,4982878.652367782,127.64899999999999,4994163.703063627
335546.57253266044,4982878.736779233,127.80499999999999,4994163.7946492145
335546.6936415317,4982878.858112918,127.93799999999999,4994163.9238457605
335546.70359814004,4982878.852014581,128.039,4994163.9184301635
335546.5872536274,4982878.636986768,128.132,4994163.696071313
335546.5459167841,4982878.475139387,128.242,4994163.531812324
335546.48845864274,4982878.3447055295,128.344,4994163.397812723
335546.81236840144,4982878.618256728,129.15699999999998,4994163.692508555
335546.62774849357,4982878.254801224,129.36149999999998,4994163.317470138
335546.64512004104,4982878.5283032255,129.46699999999998,4994163.591521278
335546.69213021646,4982878.792534106,129.53,4994163.858313595
335546.69618617854,4982878.548241132,129.64,4994163.614845147
335546.04251550755,4982878.911354518,129.949,4994163.933219411
335546.3140290856,4982877.882554384,130.06,4994162.924986369
335546.64899612416,4982878.673136206,130.164,4994163.736287422
335546.5618451781,4982878.802631243,130.344,4994163.859634366
335546.5870662069,4982878.794170547,130.4705,4994163.8528873315
335546.65361697297,4982878.642623339,130.5425,4994163.70615396
335546.6820303619,4982878.461625859,130.6705,4994163.527474509
335546.64087577094,4982878.716407564,130.75400000000002,4994163.778915411
335546.70008420496,4982878.583733113,130.868,4994163.650518845
335546.5502206313,4982879.130531717,130.93849999999998,4994164.186012885
335546.6712150249,4982878.377219303,131.058,4994163.442532036
335546.6855611555,4982878.602199224,131.14,4994163.667967462
335546.49157847546,4982879.865668526,131.271,4994164.915548518
335546.73924247036,4982878.459432236,131.352,4994163.5291298
335546.66631826124,4982878.601034416,131.458,4994163.665512398
335546.70120564295,4982878.3526244955,131.54649999999998,4994163.420007797
335546.6780608148,4982878.845612898,131.6615,4994163.91032717
335546.6921222515,4982878.403170308,131.754,4994163.4698290955
335546.702043376,4982878.787125331,131.836,4994163.8535830965
335546.69413350994,4982878.607696924,131.934,4994163.674028689
335546.73454128864,4982878.693417154,132.04749999999999,4994163.762270131
335546.889956775,4982878.5998007655,132.1615,4994163.679307309
335546.84934038215,4982878.589175435,132.267,4994163.665977065
335546.8023330721,4982878.634852332,132.35999999999999,4994163.708392436
335546.8071722704,4982878.348503401,132.43849999999998,4994163.423015691
335546.7911629982,4982878.536370664,132.54399999999998,4994163.609382815
335546.87291122554,4982878.500192868,132.635,4994163.5787792485
335546.9134909136,4982878.55458479,132.75,4994163.635774728
335546.8832563813,4982878.903881798,132.84199999999998,4994163.98225105
335546.8911599844,4982878.454770467,132.9495,4994163.534685575
335546.9223223259,4982878.7250323845,133.05599999999998,4994163.806430526
335547.0294763609,4982878.795973632,133.1395,4994163.884410924
335546.92565732705,4982878.74146411,133.2385,4994163.823049208
335546.9355736086,4982878.2066963995,133.3285,4994163.290156126
335546.9196334699,4982878.816756451,133.45049999999998,4994163.89776668
335546.87484194594,4982878.451078197,133.5425,4994163.529905293
335546.9812005157,4982878.42942321,133.66049999999998,4994163.51544523
335546.9485464306,4982878.524586547,133.77249999999998,4994163.608199585
335546.9470582673,4982878.513510019,133.855,4994163.597048093
335546.9665049087,4982878.246187125,133.946,4994163.331635836
335547.0009123345,4982878.64543047,134.06849999999997,4994163.732288777
335546.9416422073,4982878.455287236,134.14999999999998,4994163.538592989
335547.0593868543,4982878.689529234,134.25599999999997,4994163.780216675
335547.03897806845,4982878.560995033,134.363,4994163.650601683
335547.0446966502,4982878.395210122,134.4555,4994163.485575627
335546.9766837534,4982878.662682275,134.547,4994163.747873744
335547.09215046617,4982878.579187383,134.644,4994163.672325478
335547.10070755536,4982878.588790038,134.754,4994163.682481369
335547.1055859744,4982878.587691985,134.8385,4994163.681713564
335547.12949044094,4982878.418291129,134.95499999999998,4994163.514301593
335547.11028768285,4982878.591671427,135.06199999999998,4994163.685999922
335547.11936405726,4982878.641047966,135.1585,4994163.735874688
335547.1058910188,4982878.626319249,135.244,4994163.720274046
335547.25579262903,4982878.278206253,135.37699999999998,4994163.383019226
335547.12489571393,4982878.385959524,135.446,4994163.481734347
335547.1795543456,4982878.306754188,135.553,4994163.406380381
335547.1850075238,4982878.17427698,135.63,4994163.274568914
335547.1528779141,4982878.487337276,135.73649999999998,4994163.584763066
335547.30242937047,4982878.051043075,135.852,4994163.159502782
335547.25767637545,4982878.317770723,135.94,4994163.422620882
335547.160602934,4982878.829146052,136.04199999999997,4994163.926318528
335547.25564144,4982878.31825958,136.147,4994163.422971903
335547.18700325675,4982878.485132389,136.26299999999998,4994163.584855998
335547.21225816815,4982878.502265062,136.358,4994163.603646763
335547.2899927376,4982878.455016159,136.45999999999998,4994163.561727443
335547.2411713617,4982878.5633650925,136.559,4994163.666551337
335547.3133005581,4982878.412851398,136.64049999999997,4994163.521223984
335547.4843442855,4982878.087874191,136.74450000000002,4994163.208473181
335547.3951814556,4982878.342268199,136.8455,4994163.456301696
335547.51357506483,4982878.014911459,136.96749999999997,4994163.137639295
335547.4104272039,4982878.5005906215,137.039,4994163.615290696
335547.44693246123,4982878.441703014,137.14,4994163.558988866
335547.5300373761,4982878.259930512,137.259,4994163.383210764
335547.4898057996,4982878.475639377,137.35750000000002,4994163.595729129
335547.5533603071,4982878.27424519,137.435,4994163.399060118
335547.5230743448,4982878.557508547,137.55149999999998,4994163.679648555
335547.60334165633,4982878.152619099,137.66199999999998,4994163.281067018
335547.5647639721,4982878.37538274,137.751,4994163.500735315
335547.7465175501,4982877.806018344,137.8535,4994162.944869163
335547.94704626576,4982877.057609585,137.958,4994162.211624705
335547.89951583766,4982877.172302726,138.045,4994162.322865215
335547.94054730155,4982876.901687741,138.147,4994162.055618533
335548.00413209293,4982876.605112942,138.244,4994161.7639860585
335548.02063140215,4982876.773648598,138.361,4994161.9332494475
335548.05870422703,4982877.046030136,138.468,4994162.207573523
335548.0145071508,4982877.363756691,138.54399999999998,4994162.521612598
335548.0330996938,4982877.6988227675,138.666,4994162.857170741
335548.24770041206,4982876.995831337,138.732,4994162.170186342
335548.01918925927,4982878.295908907,138.863,4994163.451973069
335547.9582376146,4982878.641894407,138.927,4994163.793081529
335548.096274351,4982877.952178057,139.04749999999999,4994163.114198159
335548.0469792029,4982878.191594027,139.16449999999998,4994163.349761028
335547.99344871636,4982878.8725989405,139.2325,4994164.025630456
335548.0528186187,4982878.360864006,139.374,4994163.519040818
335546.7050424053,4982877.994911985,139.4655,4994163.063361358
335548.1460062855,4982877.41374353,139.52949999999998,4994162.580321665
335548.15739704703,4982877.78444603,139.748,4994162.950951849
335547.9795510469,4982879.0820976,139.84,4994164.233721946
335548.1738885656,4982878.078031658,139.96099999999998,4994163.244982118
335548.1802056939,4982877.924629904,140.0505,4994163.092351424
335549.4966486759,4982878.012476228,140.22899999999998,4994163.268448503
335549.4796037222,4982878.0459143,140.469,4994163.300665792
335549.4604901409,4982877.968901286,140.5565,4994163.222542595
335549.6017281781,4982878.092709954,140.6615,4994163.355561043
335549.50715133164,4982878.059461782,140.8525,4994163.31603354
335549.4937443669,4982877.987531763,141.08849999999998,4994163.243365269
335549.4939376691,4982878.0131029105,141.17,4994163.268891622
335549.5457798138,4982877.987070319,141.25799999999998,4994163.246401044
335549.60107215657,4982877.831543725,141.37699999999998,4994163.094940893
335549.6460386819,4982877.800696262,141.42649999999998,4994163.067184365
335549.6489521747,4982877.831725098,141.565,4994163.098338837
335549.59481427073,4982877.811416876,141.63899999999998,4994163.074439068
335549.7208156766,4982877.772266025,141.749,4994163.043842518
335549.9796213533,4982877.679893833,141.83499999999998,4994162.969067799
335549.65628375416,4982877.78644605,141.947,4994163.053654707
335549.4635982716,4982877.8209211435,142.0405,4994163.0751056755
335549.7510545923,4982877.74490061,142.137,4994163.018570643
335549.69843651913,4982877.486065621,142.45499999999998,4994162.756785213
